BEGIN TRANSACTION;

INSERT INTO
  "member" (
    "id",
    "memberIdNumber",
    "firstName",
    "lastName",
    "otherName",
    "gender",
    "phoneNumber",
    "title",
    "maritalStatus",
    "dateOfBirth",
    "nationalIdentifier",
    "utilityBillType",
    "utilityBillNumber",
    "dateJoined",
    "active",
    "createdAt",
    "updatedAt"
  )
VALUES
  (
    1001,
    'KSM119752',
    'FirstName1001',
    'LastName1001',
    NULL,
    'Male',
    '0999871001',
    'Mr',
    'Married',
    '1982-05-29',
    'NATID1001',
    'ESCOM',
    '1234561001',
    '2025-09-23 13:06:35',
    1,
    '2025-09-23 13:06:35',
    '2025-09-23 13:06:35'
  ),
  (
    1002,
    'KSM076179',
    'FirstName1002',
    'LastName1002',
    NULL,
    'Female',
    '0999871002',
    'Mrs',
    'Married',
    '1982-05-30',
    'NATID1002',
    'ESCOM',
    '1234561002',
    '2025-09-23 13:06:35',
    1,
    '2025-09-23 13:06:35',
    '2025-09-23 13:06:35'
  ),
  (
    1003,
    'KSM318685',
    'FirstName1003',
    'LastName1003',
    NULL,
    'Male',
    '0999871003',
    'Mr',
    'Married',
    '1982-05-31',
    'NATID1003',
    'ESCOM',
    '1234561003',
    '2025-09-23 13:06:35',
    1,
    '2025-09-23 13:06:35',
    '2025-09-23 13:06:35'
  ),
  (
    1004,
    'KSM313032',
    'FirstName1004',
    'LastName1004',
    NULL,
    'Female',
    '0999871004',
    'Mrs',
    'Married',
    '1982-06-01',
    'NATID1004',
    'ESCOM',
    '1234561004',
    '2025-09-23 13:06:35',
    1,
    '2025-09-23 13:06:35',
    '2025-09-23 13:06:35'
  ),
  (
    1005,
    'KSM751852',
    'FirstName1005',
    'LastName1005',
    NULL,
    'Male',
    '0999871005',
    'Mr',
    'Married',
    '1982-06-02',
    'NATID1005',
    'ESCOM',
    '1234561005',
    '2025-09-23 13:06:35',
    1,
    '2025-09-23 13:06:35',
    '2025-09-23 13:06:35'
  ),
  (
    1006,
    'KSM156561',
    'FirstName1006',
    'LastName1006',
    NULL,
    'Female',
    '0999871006',
    'Mrs',
    'Married',
    '1982-06-03',
    'NATID1006',
    'ESCOM',
    '1234561006',
    '2025-09-23 13:06:35',
    1,
    '2025-09-23 13:06:35',
    '2025-09-23 13:06:35'
  ),
  (
    1007,
    'KSM397278',
    'FirstName1007',
    'LastName1007',
    NULL,
    'Male',
    '0999871007',
    'Mr',
    'Married',
    '1982-06-04',
    'NATID1007',
    'ESCOM',
    '1234561007',
    '2025-09-23 13:06:35',
    1,
    '2025-09-23 13:06:35',
    '2025-09-23 13:06:35'
  ),
  (
    1008,
    'KSM602485',
    'FirstName1008',
    'LastName1008',
    NULL,
    'Female',
    '0999871008',
    'Mrs',
    'Married',
    '1982-06-05',
    'NATID1008',
    'ESCOM',
    '1234561008',
    '2025-09-23 13:06:35',
    1,
    '2025-09-23 13:06:35',
    '2025-09-23 13:06:35'
  ),
  (
    1009,
    'KSM614072',
    'FirstName1009',
    'LastName1009',
    NULL,
    'Male',
    '0999871009',
    'Mr',
    'Married',
    '1982-06-06',
    'NATID1009',
    'ESCOM',
    '1234561009',
    '2025-09-23 13:06:35',
    1,
    '2025-09-23 13:06:35',
    '2025-09-23 13:06:35'
  ),
  (
    1010,
    'KSM269994',
    'FirstName1010',
    'LastName1010',
    NULL,
    'Female',
    '0999871010',
    'Mrs',
    'Married',
    '1982-06-07',
    'NATID1010',
    'ESCOM',
    '1234561010',
    '2025-09-23 13:06:35',
    1,
    '2025-09-23 13:06:35',
    '2025-09-23 13:06:35'
  ),
  (
    1011,
    'KSM408833',
    'FirstName1011',
    'LastName1011',
    NULL,
    'Male',
    '0999871011',
    'Mr',
    'Married',
    '1982-06-08',
    'NATID1011',
    'ESCOM',
    '1234561011',
    '2025-09-23 13:06:35',
    1,
    '2025-09-23 13:06:35',
    '2025-09-23 13:06:35'
  ),
  (
    1012,
    'KSM522027',
    'FirstName1012',
    'LastName1012',
    NULL,
    'Female',
    '0999871012',
    'Mrs',
    'Married',
    '1982-06-09',
    'NATID1012',
    'ESCOM',
    '1234561012',
    '2025-09-23 13:06:35',
    1,
    '2025-09-23 13:06:35',
    '2025-09-23 13:06:35'
  ),
  (
    1013,
    'KSM141659',
    'FirstName1013',
    'LastName1013',
    NULL,
    'Male',
    '0999871013',
    'Mr',
    'Married',
    '1982-06-10',
    'NATID1013',
    'ESCOM',
    '1234561013',
    '2025-09-23 13:06:35',
    1,
    '2025-09-23 13:06:35',
    '2025-09-23 13:06:35'
  ),
  (
    1014,
    'KSM170250',
    'FirstName1014',
    'LastName1014',
    NULL,
    'Female',
    '0999871014',
    'Mrs',
    'Married',
    '1982-06-11',
    'NATID1014',
    'ESCOM',
    '1234561014',
    '2025-09-23 13:06:35',
    1,
    '2025-09-23 13:06:35',
    '2025-09-23 13:06:35'
  ),
  (
    1015,
    'KSM435788',
    'FirstName1015',
    'LastName1015',
    NULL,
    'Male',
    '0999871015',
    'Mr',
    'Married',
    '1982-06-12',
    'NATID1015',
    'ESCOM',
    '1234561015',
    '2025-09-23 13:06:35',
    1,
    '2025-09-23 13:06:35',
    '2025-09-23 13:06:35'
  ),
  (
    1016,
    'KSM492630',
    'FirstName1016',
    'LastName1016',
    NULL,
    'Female',
    '0999871016',
    'Mrs',
    'Married',
    '1982-06-13',
    'NATID1016',
    'ESCOM',
    '1234561016',
    '2025-09-23 13:06:35',
    1,
    '2025-09-23 13:06:35',
    '2025-09-23 13:06:35'
  ),
  (
    1017,
    'KSM323973',
    'FirstName1017',
    'LastName1017',
    NULL,
    'Male',
    '0999871017',
    'Mr',
    'Married',
    '1982-06-14',
    'NATID1017',
    'ESCOM',
    '1234561017',
    '2025-09-23 13:06:35',
    1,
    '2025-09-23 13:06:35',
    '2025-09-23 13:06:35'
  ),
  (
    1018,
    'KSM189101',
    'FirstName1018',
    'LastName1018',
    NULL,
    'Female',
    '0999871018',
    'Mrs',
    'Married',
    '1982-06-15',
    'NATID1018',
    'ESCOM',
    '1234561018',
    '2025-09-23 13:06:35',
    1,
    '2025-09-23 13:06:35',
    '2025-09-23 13:06:35'
  ),
  (
    1019,
    'KSM965736',
    'FirstName1019',
    'LastName1019',
    NULL,
    'Male',
    '0999871019',
    'Mr',
    'Married',
    '1982-06-16',
    'NATID1019',
    'ESCOM',
    '1234561019',
    '2025-09-23 13:06:35',
    1,
    '2025-09-23 13:06:35',
    '2025-09-23 13:06:35'
  ),
  (
    1020,
    'KSM447180',
    'FirstName1020',
    'LastName1020',
    NULL,
    'Female',
    '0999871020',
    'Mrs',
    'Married',
    '1982-06-17',
    'NATID1020',
    'ESCOM',
    '1234561020',
    '2025-09-23 13:06:35',
    1,
    '2025-09-23 13:06:35',
    '2025-09-23 13:06:35'
  );

INSERT INTO
  "memberContribution" (
    "id",
    "memberId",
    "contributionNumber",
    "memberIdNumber",
    "monthlyContribution",
    "nonRedeemableAmount",
    "totalAmount",
    "active",
    "createdAt",
    "updatedAt"
  )
VALUES
  (
    1,
    1001,
    'KSH393546',
    'KSM119752',
    5000.0,
    20000.0,
    0.0,
    1,
    '2025-09-23 13:06:35',
    '2025-09-23 13:06:35'
  ),
  (
    2,
    1002,
    'KSH256628',
    'KSM076179',
    5000.0,
    20000.0,
    0.0,
    1,
    '2025-09-23 13:06:35',
    '2025-09-23 13:06:35'
  ),
  (
    3,
    1003,
    'KSH317486',
    'KSM318685',
    35000.0,
    20000.0,
    0.0,
    1,
    '2025-09-23 13:06:35',
    '2025-09-23 13:06:35'
  ),
  (
    4,
    1004,
    'KSH778308',
    'KSM313032',
    35000.0,
    20000.0,
    0.0,
    1,
    '2025-09-23 13:06:35',
    '2025-09-23 13:06:35'
  ),
  (
    5,
    1005,
    'KSH922760',
    'KSM751852',
    35000.0,
    20000.0,
    0.0,
    1,
    '2025-09-23 13:06:35',
    '2025-09-23 13:06:35'
  ),
  (
    6,
    1006,
    'KSH810292',
    'KSM156561',
    45000.0,
    20000.0,
    0.0,
    1,
    '2025-09-23 13:06:35',
    '2025-09-23 13:06:35'
  ),
  (
    7,
    1007,
    'KSH720436',
    'KSM397278',
    35000.0,
    20000.0,
    0.0,
    1,
    '2025-09-23 13:06:35',
    '2025-09-23 13:06:35'
  ),
  (
    8,
    1008,
    'KSH390630',
    'KSM602485',
    35000.0,
    20000.0,
    0.0,
    1,
    '2025-09-23 13:06:35',
    '2025-09-23 13:06:35'
  ),
  (
    9,
    1009,
    'KSH635842',
    'KSM614072',
    25000.0,
    20000.0,
    0.0,
    1,
    '2025-09-23 13:06:35',
    '2025-09-23 13:06:35'
  ),
  (
    10,
    1010,
    'KSH140259',
    'KSM269994',
    45000.0,
    20000.0,
    0.0,
    1,
    '2025-09-23 13:06:35',
    '2025-09-23 13:06:35'
  ),
  (
    11,
    1011,
    'KSH603656',
    'KSM408833',
    45000.0,
    20000.0,
    0.0,
    1,
    '2025-09-23 13:06:35',
    '2025-09-23 13:06:35'
  ),
  (
    12,
    1012,
    'KSH479546',
    'KSM522027',
    15000.0,
    20000.0,
    0.0,
    1,
    '2025-09-23 13:06:35',
    '2025-09-23 13:06:35'
  ),
  (
    13,
    1013,
    'KSH141786',
    'KSM141659',
    5000.0,
    20000.0,
    0.0,
    1,
    '2025-09-23 13:06:35',
    '2025-09-23 13:06:35'
  ),
  (
    14,
    1014,
    'KSH912085',
    'KSM170250',
    5000.0,
    20000.0,
    0.0,
    1,
    '2025-09-23 13:06:35',
    '2025-09-23 13:06:35'
  ),
  (
    15,
    1015,
    'KSH205928',
    'KSM435788',
    15000.0,
    20000.0,
    0.0,
    1,
    '2025-09-23 13:06:35',
    '2025-09-23 13:06:35'
  ),
  (
    16,
    1016,
    'KSH079065',
    'KSM492630',
    25000.0,
    20000.0,
    0.0,
    1,
    '2025-09-23 13:06:35',
    '2025-09-23 13:06:35'
  ),
  (
    17,
    1017,
    'KSH813488',
    'KSM323973',
    5000.0,
    20000.0,
    0.0,
    1,
    '2025-09-23 13:06:35',
    '2025-09-23 13:06:35'
  ),
  (
    18,
    1018,
    'KSH551557',
    'KSM189101',
    5000.0,
    20000.0,
    0.0,
    1,
    '2025-09-23 13:06:35',
    '2025-09-23 13:06:35'
  ),
  (
    19,
    1019,
    'KSH504701',
    'KSM965736',
    45000.0,
    20000.0,
    0.0,
    1,
    '2025-09-23 13:06:35',
    '2025-09-23 13:06:35'
  ),
  (
    20,
    1020,
    'KSH149868',
    'KSM447180',
    35000.0,
    20000.0,
    0.0,
    1,
    '2025-09-23 13:06:35',
    '2025-09-23 13:06:35'
  );

INSERT INTO
  "memberContributionDeposit" (
    "id",
    "memberContributionId",
    "description",
    "contributionCategory",
    "date",
    "amount",
    "active",
    "createdAt",
    "updatedAt"
  )
VALUES
  (
    1,
    1,
    NULL,
    'Non-Redeemable Deposit',
    '2025-09-23 13:06:35',
    20000.0,
    1,
    '2025-09-23 13:06:35',
    '2025-09-23 13:06:35'
  ),
  (
    2,
    2,
    NULL,
    'Non-Redeemable Deposit',
    '2025-09-23 13:06:35',
    20000.0,
    1,
    '2025-09-23 13:06:35',
    '2025-09-23 13:06:35'
  ),
  (
    3,
    3,
    NULL,
    'Non-Redeemable Deposit',
    '2025-09-23 13:06:35',
    20000.0,
    1,
    '2025-09-23 13:06:35',
    '2025-09-23 13:06:35'
  ),
  (
    4,
    4,
    NULL,
    'Non-Redeemable Deposit',
    '2025-09-23 13:06:35',
    20000.0,
    1,
    '2025-09-23 13:06:35',
    '2025-09-23 13:06:35'
  ),
  (
    5,
    5,
    NULL,
    'Non-Redeemable Deposit',
    '2025-09-23 13:06:35',
    20000.0,
    1,
    '2025-09-23 13:06:35',
    '2025-09-23 13:06:35'
  ),
  (
    6,
    6,
    NULL,
    'Non-Redeemable Deposit',
    '2025-09-23 13:06:35',
    20000.0,
    1,
    '2025-09-23 13:06:35',
    '2025-09-23 13:06:35'
  ),
  (
    7,
    7,
    NULL,
    'Non-Redeemable Deposit',
    '2025-09-23 13:06:35',
    20000.0,
    1,
    '2025-09-23 13:06:35',
    '2025-09-23 13:06:35'
  ),
  (
    8,
    8,
    NULL,
    'Non-Redeemable Deposit',
    '2025-09-23 13:06:35',
    20000.0,
    1,
    '2025-09-23 13:06:35',
    '2025-09-23 13:06:35'
  ),
  (
    9,
    9,
    NULL,
    'Non-Redeemable Deposit',
    '2025-09-23 13:06:35',
    20000.0,
    1,
    '2025-09-23 13:06:35',
    '2025-09-23 13:06:35'
  ),
  (
    10,
    10,
    NULL,
    'Non-Redeemable Deposit',
    '2025-09-23 13:06:35',
    20000.0,
    1,
    '2025-09-23 13:06:35',
    '2025-09-23 13:06:35'
  ),
  (
    11,
    11,
    NULL,
    'Non-Redeemable Deposit',
    '2025-09-23 13:06:35',
    20000.0,
    1,
    '2025-09-23 13:06:35',
    '2025-09-23 13:06:35'
  ),
  (
    12,
    12,
    NULL,
    'Non-Redeemable Deposit',
    '2025-09-23 13:06:35',
    20000.0,
    1,
    '2025-09-23 13:06:35',
    '2025-09-23 13:06:35'
  ),
  (
    13,
    13,
    NULL,
    'Non-Redeemable Deposit',
    '2025-09-23 13:06:35',
    20000.0,
    1,
    '2025-09-23 13:06:35',
    '2025-09-23 13:06:35'
  ),
  (
    14,
    14,
    NULL,
    'Non-Redeemable Deposit',
    '2025-09-23 13:06:35',
    20000.0,
    1,
    '2025-09-23 13:06:35',
    '2025-09-23 13:06:35'
  ),
  (
    15,
    15,
    NULL,
    'Non-Redeemable Deposit',
    '2025-09-23 13:06:35',
    20000.0,
    1,
    '2025-09-23 13:06:35',
    '2025-09-23 13:06:35'
  ),
  (
    16,
    16,
    NULL,
    'Non-Redeemable Deposit',
    '2025-09-23 13:06:35',
    20000.0,
    1,
    '2025-09-23 13:06:35',
    '2025-09-23 13:06:35'
  ),
  (
    17,
    17,
    NULL,
    'Non-Redeemable Deposit',
    '2025-09-23 13:06:35',
    20000.0,
    1,
    '2025-09-23 13:06:35',
    '2025-09-23 13:06:35'
  ),
  (
    18,
    18,
    NULL,
    'Non-Redeemable Deposit',
    '2025-09-23 13:06:35',
    20000.0,
    1,
    '2025-09-23 13:06:35',
    '2025-09-23 13:06:35'
  ),
  (
    19,
    19,
    NULL,
    'Non-Redeemable Deposit',
    '2025-09-23 13:06:35',
    20000.0,
    1,
    '2025-09-23 13:06:35',
    '2025-09-23 13:06:35'
  ),
  (
    20,
    20,
    NULL,
    'Non-Redeemable Deposit',
    '2025-09-23 13:06:35',
    20000.0,
    1,
    '2025-09-23 13:06:35',
    '2025-09-23 13:06:35'
  ),
  (
    21,
    1,
    NULL,
    'Regular Deposit',
    '2025-09-23 13:06:35',
    62500.0,
    1,
    '2025-09-23 13:06:35',
    '2025-09-23 13:06:35'
  ),
  (
    22,
    2,
    NULL,
    'Regular Deposit',
    '2025-09-23 13:06:35',
    62500.0,
    1,
    '2025-09-23 13:06:35',
    '2025-09-23 13:06:35'
  ),
  (
    23,
    3,
    NULL,
    'Regular Deposit',
    '2025-09-23 13:06:35',
    437500.0,
    1,
    '2025-09-23 13:06:35',
    '2025-09-23 13:06:35'
  ),
  (
    24,
    4,
    NULL,
    'Regular Deposit',
    '2025-09-23 13:06:35',
    437500.0,
    1,
    '2025-09-23 13:06:35',
    '2025-09-23 13:06:35'
  ),
  (
    25,
    5,
    NULL,
    'Regular Deposit',
    '2025-09-23 13:06:35',
    437500.0,
    1,
    '2025-09-23 13:06:35',
    '2025-09-23 13:06:35'
  ),
  (
    26,
    6,
    NULL,
    'Regular Deposit',
    '2025-09-23 13:06:35',
    562500.0,
    1,
    '2025-09-23 13:06:35',
    '2025-09-23 13:06:35'
  ),
  (
    27,
    7,
    NULL,
    'Regular Deposit',
    '2025-09-23 13:06:35',
    437500.0,
    1,
    '2025-09-23 13:06:35',
    '2025-09-23 13:06:35'
  ),
  (
    28,
    8,
    NULL,
    'Regular Deposit',
    '2025-09-23 13:06:35',
    437500.0,
    1,
    '2025-09-23 13:06:35',
    '2025-09-23 13:06:35'
  ),
  (
    29,
    9,
    NULL,
    'Regular Deposit',
    '2025-09-23 13:06:35',
    312500.0,
    1,
    '2025-09-23 13:06:35',
    '2025-09-23 13:06:35'
  ),
  (
    30,
    10,
    NULL,
    'Regular Deposit',
    '2025-09-23 13:06:35',
    562500.0,
    1,
    '2025-09-23 13:06:35',
    '2025-09-23 13:06:35'
  ),
  (
    31,
    11,
    NULL,
    'Regular Deposit',
    '2025-09-23 13:06:35',
    562500.0,
    1,
    '2025-09-23 13:06:35',
    '2025-09-23 13:06:35'
  ),
  (
    32,
    12,
    NULL,
    'Regular Deposit',
    '2025-09-23 13:06:35',
    187500.0,
    1,
    '2025-09-23 13:06:35',
    '2025-09-23 13:06:35'
  ),
  (
    33,
    13,
    NULL,
    'Regular Deposit',
    '2025-09-23 13:06:35',
    62500.0,
    1,
    '2025-09-23 13:06:35',
    '2025-09-23 13:06:35'
  ),
  (
    34,
    14,
    NULL,
    'Regular Deposit',
    '2025-09-23 13:06:35',
    62500.0,
    1,
    '2025-09-23 13:06:35',
    '2025-09-23 13:06:35'
  ),
  (
    35,
    15,
    NULL,
    'Regular Deposit',
    '2025-09-23 13:06:35',
    187500.0,
    1,
    '2025-09-23 13:06:35',
    '2025-09-23 13:06:35'
  ),
  (
    36,
    16,
    NULL,
    'Regular Deposit',
    '2025-09-23 13:06:35',
    312500.0,
    1,
    '2025-09-23 13:06:35',
    '2025-09-23 13:06:35'
  ),
  (
    37,
    17,
    NULL,
    'Regular Deposit',
    '2025-09-23 13:06:35',
    62500.0,
    1,
    '2025-09-23 13:06:35',
    '2025-09-23 13:06:35'
  ),
  (
    38,
    18,
    NULL,
    'Regular Deposit',
    '2025-09-23 13:06:35',
    62500.0,
    1,
    '2025-09-23 13:06:35',
    '2025-09-23 13:06:35'
  ),
  (
    39,
    19,
    NULL,
    'Regular Deposit',
    '2025-09-23 13:06:35',
    562500.0,
    1,
    '2025-09-23 13:06:35',
    '2025-09-23 13:06:35'
  ),
  (
    40,
    20,
    NULL,
    'Regular Deposit',
    '2025-09-23 13:06:35',
    437500.0,
    1,
    '2025-09-23 13:06:35',
    '2025-09-23 13:06:35'
  );

INSERT
OR IGNORE INTO "memberContributionSchedule" (
  "id",
  "memberContributionId",
  "dueDate",
  "expectedAmount",
  "paidAmount",
  "overflowAmount",
  "active",
  "createdAt",
  "updatedAt"
)
VALUES
  (
    1,
    1,
    '2025-10-01',
    5000.0,
    5000.0,
    0.0,
    1,
    '2025-09-23 13:06:35',
    '2025-09-23 13:06:35'
  ),
  (
    2,
    1,
    '2025-11-01',
    5000.0,
    5000.0,
    0.0,
    1,
    '2025-09-23 13:06:35',
    '2025-09-23 13:06:35'
  ),
  (
    3,
    1,
    '2025-12-01',
    5000.0,
    5000.0,
    0.0,
    1,
    '2025-09-23 13:06:35',
    '2025-09-23 13:06:35'
  ),
  (
    4,
    1,
    '2026-01-01',
    5000.0,
    5000.0,
    0.0,
    1,
    '2025-09-23 13:06:35',
    '2025-09-23 13:06:35'
  ),
  (
    5,
    1,
    '2026-02-01',
    5000.0,
    5000.0,
    0.0,
    1,
    '2025-09-23 13:06:35',
    '2025-09-23 13:06:35'
  ),
  (
    6,
    1,
    '2026-03-01',
    5000.0,
    5000.0,
    0.0,
    1,
    '2025-09-23 13:06:35',
    '2025-09-23 13:06:35'
  ),
  (
    7,
    1,
    '2026-04-01',
    5000.0,
    5000.0,
    0.0,
    1,
    '2025-09-23 13:06:35',
    '2025-09-23 13:06:35'
  ),
  (
    8,
    1,
    '2026-05-01',
    5000.0,
    5000.0,
    0.0,
    1,
    '2025-09-23 13:06:35',
    '2025-09-23 13:06:35'
  ),
  (
    9,
    1,
    '2026-06-01',
    5000.0,
    5000.0,
    0.0,
    1,
    '2025-09-23 13:06:35',
    '2025-09-23 13:06:35'
  ),
  (
    10,
    1,
    '2026-07-01',
    5000.0,
    5000.0,
    0.0,
    1,
    '2025-09-23 13:06:35',
    '2025-09-23 13:06:35'
  ),
  (
    11,
    1,
    '2026-08-01',
    5000.0,
    5000.0,
    0.0,
    1,
    '2025-09-23 13:06:35',
    '2025-09-23 13:06:35'
  ),
  (
    12,
    1,
    '2026-09-01',
    5000.0,
    5000.0,
    2500.0,
    1,
    '2025-09-23 13:06:35',
    '2025-09-23 13:06:35'
  ),
  (
    13,
    2,
    '2025-10-01',
    5000.0,
    5000.0,
    0.0,
    1,
    '2025-09-23 13:06:35',
    '2025-09-23 13:06:35'
  ),
  (
    14,
    2,
    '2025-11-01',
    5000.0,
    5000.0,
    0.0,
    1,
    '2025-09-23 13:06:35',
    '2025-09-23 13:06:35'
  ),
  (
    15,
    2,
    '2025-12-01',
    5000.0,
    5000.0,
    0.0,
    1,
    '2025-09-23 13:06:35',
    '2025-09-23 13:06:35'
  ),
  (
    16,
    2,
    '2026-01-01',
    5000.0,
    5000.0,
    0.0,
    1,
    '2025-09-23 13:06:35',
    '2025-09-23 13:06:35'
  ),
  (
    17,
    2,
    '2026-02-01',
    5000.0,
    5000.0,
    0.0,
    1,
    '2025-09-23 13:06:35',
    '2025-09-23 13:06:35'
  ),
  (
    18,
    2,
    '2026-03-01',
    5000.0,
    5000.0,
    0.0,
    1,
    '2025-09-23 13:06:35',
    '2025-09-23 13:06:35'
  ),
  (
    19,
    2,
    '2026-04-01',
    5000.0,
    5000.0,
    0.0,
    1,
    '2025-09-23 13:06:35',
    '2025-09-23 13:06:35'
  ),
  (
    20,
    2,
    '2026-05-01',
    5000.0,
    5000.0,
    0.0,
    1,
    '2025-09-23 13:06:35',
    '2025-09-23 13:06:35'
  ),
  (
    21,
    2,
    '2026-06-01',
    5000.0,
    5000.0,
    0.0,
    1,
    '2025-09-23 13:06:35',
    '2025-09-23 13:06:35'
  ),
  (
    22,
    2,
    '2026-07-01',
    5000.0,
    5000.0,
    0.0,
    1,
    '2025-09-23 13:06:35',
    '2025-09-23 13:06:35'
  ),
  (
    23,
    2,
    '2026-08-01',
    5000.0,
    5000.0,
    0.0,
    1,
    '2025-09-23 13:06:35',
    '2025-09-23 13:06:35'
  ),
  (
    24,
    2,
    '2026-09-01',
    5000.0,
    5000.0,
    2500.0,
    1,
    '2025-09-23 13:06:35',
    '2025-09-23 13:06:35'
  ),
  (
    25,
    3,
    '2025-10-01',
    35000.0,
    35000.0,
    0.0,
    1,
    '2025-09-23 13:06:35',
    '2025-09-23 13:06:35'
  ),
  (
    26,
    3,
    '2025-11-01',
    35000.0,
    35000.0,
    0.0,
    1,
    '2025-09-23 13:06:35',
    '2025-09-23 13:06:35'
  ),
  (
    27,
    3,
    '2025-12-01',
    35000.0,
    35000.0,
    0.0,
    1,
    '2025-09-23 13:06:35',
    '2025-09-23 13:06:35'
  ),
  (
    28,
    3,
    '2026-01-01',
    35000.0,
    35000.0,
    0.0,
    1,
    '2025-09-23 13:06:35',
    '2025-09-23 13:06:35'
  ),
  (
    29,
    3,
    '2026-02-01',
    35000.0,
    35000.0,
    0.0,
    1,
    '2025-09-23 13:06:35',
    '2025-09-23 13:06:35'
  ),
  (
    30,
    3,
    '2026-03-01',
    35000.0,
    35000.0,
    0.0,
    1,
    '2025-09-23 13:06:35',
    '2025-09-23 13:06:35'
  ),
  (
    31,
    3,
    '2026-04-01',
    35000.0,
    35000.0,
    0.0,
    1,
    '2025-09-23 13:06:35',
    '2025-09-23 13:06:35'
  ),
  (
    32,
    3,
    '2026-05-01',
    35000.0,
    35000.0,
    0.0,
    1,
    '2025-09-23 13:06:35',
    '2025-09-23 13:06:35'
  ),
  (
    33,
    3,
    '2026-06-01',
    35000.0,
    35000.0,
    0.0,
    1,
    '2025-09-23 13:06:35',
    '2025-09-23 13:06:35'
  ),
  (
    34,
    3,
    '2026-07-01',
    35000.0,
    35000.0,
    0.0,
    1,
    '2025-09-23 13:06:35',
    '2025-09-23 13:06:35'
  ),
  (
    35,
    3,
    '2026-08-01',
    35000.0,
    35000.0,
    0.0,
    1,
    '2025-09-23 13:06:35',
    '2025-09-23 13:06:35'
  ),
  (
    36,
    3,
    '2026-09-01',
    35000.0,
    35000.0,
    17500.0,
    1,
    '2025-09-23 13:06:35',
    '2025-09-23 13:06:35'
  ),
  (
    37,
    4,
    '2025-10-01',
    35000.0,
    35000.0,
    0.0,
    1,
    '2025-09-23 13:06:35',
    '2025-09-23 13:06:35'
  ),
  (
    38,
    4,
    '2025-11-01',
    35000.0,
    35000.0,
    0.0,
    1,
    '2025-09-23 13:06:35',
    '2025-09-23 13:06:35'
  ),
  (
    39,
    4,
    '2025-12-01',
    35000.0,
    35000.0,
    0.0,
    1,
    '2025-09-23 13:06:35',
    '2025-09-23 13:06:35'
  ),
  (
    40,
    4,
    '2026-01-01',
    35000.0,
    35000.0,
    0.0,
    1,
    '2025-09-23 13:06:35',
    '2025-09-23 13:06:35'
  ),
  (
    41,
    4,
    '2026-02-01',
    35000.0,
    35000.0,
    0.0,
    1,
    '2025-09-23 13:06:35',
    '2025-09-23 13:06:35'
  ),
  (
    42,
    4,
    '2026-03-01',
    35000.0,
    35000.0,
    0.0,
    1,
    '2025-09-23 13:06:35',
    '2025-09-23 13:06:35'
  ),
  (
    43,
    4,
    '2026-04-01',
    35000.0,
    35000.0,
    0.0,
    1,
    '2025-09-23 13:06:35',
    '2025-09-23 13:06:35'
  ),
  (
    44,
    4,
    '2026-05-01',
    35000.0,
    35000.0,
    0.0,
    1,
    '2025-09-23 13:06:35',
    '2025-09-23 13:06:35'
  ),
  (
    45,
    4,
    '2026-06-01',
    35000.0,
    35000.0,
    0.0,
    1,
    '2025-09-23 13:06:35',
    '2025-09-23 13:06:35'
  ),
  (
    46,
    4,
    '2026-07-01',
    35000.0,
    35000.0,
    0.0,
    1,
    '2025-09-23 13:06:35',
    '2025-09-23 13:06:35'
  ),
  (
    47,
    4,
    '2026-08-01',
    35000.0,
    35000.0,
    0.0,
    1,
    '2025-09-23 13:06:35',
    '2025-09-23 13:06:35'
  ),
  (
    48,
    4,
    '2026-09-01',
    35000.0,
    35000.0,
    17500.0,
    1,
    '2025-09-23 13:06:35',
    '2025-09-23 13:06:35'
  ),
  (
    49,
    5,
    '2025-10-01',
    35000.0,
    35000.0,
    0.0,
    1,
    '2025-09-23 13:06:35',
    '2025-09-23 13:06:35'
  ),
  (
    50,
    5,
    '2025-11-01',
    35000.0,
    35000.0,
    0.0,
    1,
    '2025-09-23 13:06:35',
    '2025-09-23 13:06:35'
  ),
  (
    51,
    5,
    '2025-12-01',
    35000.0,
    35000.0,
    0.0,
    1,
    '2025-09-23 13:06:35',
    '2025-09-23 13:06:35'
  ),
  (
    52,
    5,
    '2026-01-01',
    35000.0,
    35000.0,
    0.0,
    1,
    '2025-09-23 13:06:35',
    '2025-09-23 13:06:35'
  ),
  (
    53,
    5,
    '2026-02-01',
    35000.0,
    35000.0,
    0.0,
    1,
    '2025-09-23 13:06:35',
    '2025-09-23 13:06:35'
  ),
  (
    54,
    5,
    '2026-03-01',
    35000.0,
    35000.0,
    0.0,
    1,
    '2025-09-23 13:06:35',
    '2025-09-23 13:06:35'
  ),
  (
    55,
    5,
    '2026-04-01',
    35000.0,
    35000.0,
    0.0,
    1,
    '2025-09-23 13:06:35',
    '2025-09-23 13:06:35'
  ),
  (
    56,
    5,
    '2026-05-01',
    35000.0,
    35000.0,
    0.0,
    1,
    '2025-09-23 13:06:35',
    '2025-09-23 13:06:35'
  ),
  (
    57,
    5,
    '2026-06-01',
    35000.0,
    35000.0,
    0.0,
    1,
    '2025-09-23 13:06:35',
    '2025-09-23 13:06:35'
  ),
  (
    58,
    5,
    '2026-07-01',
    35000.0,
    35000.0,
    0.0,
    1,
    '2025-09-23 13:06:35',
    '2025-09-23 13:06:35'
  ),
  (
    59,
    5,
    '2026-08-01',
    35000.0,
    35000.0,
    0.0,
    1,
    '2025-09-23 13:06:35',
    '2025-09-23 13:06:35'
  ),
  (
    60,
    5,
    '2026-09-01',
    35000.0,
    35000.0,
    17500.0,
    1,
    '2025-09-23 13:06:35',
    '2025-09-23 13:06:35'
  ),
  (
    61,
    6,
    '2025-10-01',
    45000.0,
    45000.0,
    0.0,
    1,
    '2025-09-23 13:06:35',
    '2025-09-23 13:06:35'
  ),
  (
    62,
    6,
    '2025-11-01',
    45000.0,
    45000.0,
    0.0,
    1,
    '2025-09-23 13:06:35',
    '2025-09-23 13:06:35'
  ),
  (
    63,
    6,
    '2025-12-01',
    45000.0,
    45000.0,
    0.0,
    1,
    '2025-09-23 13:06:35',
    '2025-09-23 13:06:35'
  ),
  (
    64,
    6,
    '2026-01-01',
    45000.0,
    45000.0,
    0.0,
    1,
    '2025-09-23 13:06:35',
    '2025-09-23 13:06:35'
  ),
  (
    65,
    6,
    '2026-02-01',
    45000.0,
    45000.0,
    0.0,
    1,
    '2025-09-23 13:06:35',
    '2025-09-23 13:06:35'
  ),
  (
    66,
    6,
    '2026-03-01',
    45000.0,
    45000.0,
    0.0,
    1,
    '2025-09-23 13:06:35',
    '2025-09-23 13:06:35'
  ),
  (
    67,
    6,
    '2026-04-01',
    45000.0,
    45000.0,
    0.0,
    1,
    '2025-09-23 13:06:35',
    '2025-09-23 13:06:35'
  ),
  (
    68,
    6,
    '2026-05-01',
    45000.0,
    45000.0,
    0.0,
    1,
    '2025-09-23 13:06:35',
    '2025-09-23 13:06:35'
  ),
  (
    69,
    6,
    '2026-06-01',
    45000.0,
    45000.0,
    0.0,
    1,
    '2025-09-23 13:06:35',
    '2025-09-23 13:06:35'
  ),
  (
    70,
    6,
    '2026-07-01',
    45000.0,
    45000.0,
    0.0,
    1,
    '2025-09-23 13:06:35',
    '2025-09-23 13:06:35'
  ),
  (
    71,
    6,
    '2026-08-01',
    45000.0,
    45000.0,
    0.0,
    1,
    '2025-09-23 13:06:35',
    '2025-09-23 13:06:35'
  ),
  (
    72,
    6,
    '2026-09-01',
    45000.0,
    45000.0,
    22500.0,
    1,
    '2025-09-23 13:06:35',
    '2025-09-23 13:06:35'
  ),
  (
    73,
    7,
    '2025-10-01',
    35000.0,
    35000.0,
    0.0,
    1,
    '2025-09-23 13:06:35',
    '2025-09-23 13:06:35'
  ),
  (
    74,
    7,
    '2025-11-01',
    35000.0,
    35000.0,
    0.0,
    1,
    '2025-09-23 13:06:35',
    '2025-09-23 13:06:35'
  ),
  (
    75,
    7,
    '2025-12-01',
    35000.0,
    35000.0,
    0.0,
    1,
    '2025-09-23 13:06:35',
    '2025-09-23 13:06:35'
  ),
  (
    76,
    7,
    '2026-01-01',
    35000.0,
    35000.0,
    0.0,
    1,
    '2025-09-23 13:06:35',
    '2025-09-23 13:06:35'
  ),
  (
    77,
    7,
    '2026-02-01',
    35000.0,
    35000.0,
    0.0,
    1,
    '2025-09-23 13:06:35',
    '2025-09-23 13:06:35'
  ),
  (
    78,
    7,
    '2026-03-01',
    35000.0,
    35000.0,
    0.0,
    1,
    '2025-09-23 13:06:35',
    '2025-09-23 13:06:35'
  ),
  (
    79,
    7,
    '2026-04-01',
    35000.0,
    35000.0,
    0.0,
    1,
    '2025-09-23 13:06:35',
    '2025-09-23 13:06:35'
  ),
  (
    80,
    7,
    '2026-05-01',
    35000.0,
    35000.0,
    0.0,
    1,
    '2025-09-23 13:06:35',
    '2025-09-23 13:06:35'
  ),
  (
    81,
    7,
    '2026-06-01',
    35000.0,
    35000.0,
    0.0,
    1,
    '2025-09-23 13:06:35',
    '2025-09-23 13:06:35'
  ),
  (
    82,
    7,
    '2026-07-01',
    35000.0,
    35000.0,
    0.0,
    1,
    '2025-09-23 13:06:35',
    '2025-09-23 13:06:35'
  ),
  (
    83,
    7,
    '2026-08-01',
    35000.0,
    35000.0,
    0.0,
    1,
    '2025-09-23 13:06:35',
    '2025-09-23 13:06:35'
  ),
  (
    84,
    7,
    '2026-09-01',
    35000.0,
    35000.0,
    17500.0,
    1,
    '2025-09-23 13:06:35',
    '2025-09-23 13:06:35'
  ),
  (
    85,
    8,
    '2025-10-01',
    35000.0,
    35000.0,
    0.0,
    1,
    '2025-09-23 13:06:35',
    '2025-09-23 13:06:35'
  ),
  (
    86,
    8,
    '2025-11-01',
    35000.0,
    35000.0,
    0.0,
    1,
    '2025-09-23 13:06:35',
    '2025-09-23 13:06:35'
  ),
  (
    87,
    8,
    '2025-12-01',
    35000.0,
    35000.0,
    0.0,
    1,
    '2025-09-23 13:06:35',
    '2025-09-23 13:06:35'
  ),
  (
    88,
    8,
    '2026-01-01',
    35000.0,
    35000.0,
    0.0,
    1,
    '2025-09-23 13:06:35',
    '2025-09-23 13:06:35'
  ),
  (
    89,
    8,
    '2026-02-01',
    35000.0,
    35000.0,
    0.0,
    1,
    '2025-09-23 13:06:35',
    '2025-09-23 13:06:35'
  ),
  (
    90,
    8,
    '2026-03-01',
    35000.0,
    35000.0,
    0.0,
    1,
    '2025-09-23 13:06:35',
    '2025-09-23 13:06:35'
  ),
  (
    91,
    8,
    '2026-04-01',
    35000.0,
    35000.0,
    0.0,
    1,
    '2025-09-23 13:06:35',
    '2025-09-23 13:06:35'
  ),
  (
    92,
    8,
    '2026-05-01',
    35000.0,
    35000.0,
    0.0,
    1,
    '2025-09-23 13:06:35',
    '2025-09-23 13:06:35'
  ),
  (
    93,
    8,
    '2026-06-01',
    35000.0,
    35000.0,
    0.0,
    1,
    '2025-09-23 13:06:35',
    '2025-09-23 13:06:35'
  ),
  (
    94,
    8,
    '2026-07-01',
    35000.0,
    35000.0,
    0.0,
    1,
    '2025-09-23 13:06:35',
    '2025-09-23 13:06:35'
  ),
  (
    95,
    8,
    '2026-08-01',
    35000.0,
    35000.0,
    0.0,
    1,
    '2025-09-23 13:06:35',
    '2025-09-23 13:06:35'
  ),
  (
    96,
    8,
    '2026-09-01',
    35000.0,
    35000.0,
    17500.0,
    1,
    '2025-09-23 13:06:35',
    '2025-09-23 13:06:35'
  ),
  (
    97,
    9,
    '2025-10-01',
    25000.0,
    25000.0,
    0.0,
    1,
    '2025-09-23 13:06:35',
    '2025-09-23 13:06:35'
  ),
  (
    98,
    9,
    '2025-11-01',
    25000.0,
    25000.0,
    0.0,
    1,
    '2025-09-23 13:06:35',
    '2025-09-23 13:06:35'
  ),
  (
    99,
    9,
    '2025-12-01',
    25000.0,
    25000.0,
    0.0,
    1,
    '2025-09-23 13:06:35',
    '2025-09-23 13:06:35'
  ),
  (
    100,
    9,
    '2026-01-01',
    25000.0,
    25000.0,
    0.0,
    1,
    '2025-09-23 13:06:35',
    '2025-09-23 13:06:35'
  ),
  (
    101,
    9,
    '2026-02-01',
    25000.0,
    25000.0,
    0.0,
    1,
    '2025-09-23 13:06:35',
    '2025-09-23 13:06:35'
  ),
  (
    102,
    9,
    '2026-03-01',
    25000.0,
    25000.0,
    0.0,
    1,
    '2025-09-23 13:06:35',
    '2025-09-23 13:06:35'
  ),
  (
    103,
    9,
    '2026-04-01',
    25000.0,
    25000.0,
    0.0,
    1,
    '2025-09-23 13:06:35',
    '2025-09-23 13:06:35'
  ),
  (
    104,
    9,
    '2026-05-01',
    25000.0,
    25000.0,
    0.0,
    1,
    '2025-09-23 13:06:35',
    '2025-09-23 13:06:35'
  ),
  (
    105,
    9,
    '2026-06-01',
    25000.0,
    25000.0,
    0.0,
    1,
    '2025-09-23 13:06:35',
    '2025-09-23 13:06:35'
  ),
  (
    106,
    9,
    '2026-07-01',
    25000.0,
    25000.0,
    0.0,
    1,
    '2025-09-23 13:06:35',
    '2025-09-23 13:06:35'
  ),
  (
    107,
    9,
    '2026-08-01',
    25000.0,
    25000.0,
    0.0,
    1,
    '2025-09-23 13:06:35',
    '2025-09-23 13:06:35'
  ),
  (
    108,
    9,
    '2026-09-01',
    25000.0,
    25000.0,
    12500.0,
    1,
    '2025-09-23 13:06:35',
    '2025-09-23 13:06:35'
  ),
  (
    109,
    10,
    '2025-10-01',
    45000.0,
    45000.0,
    0.0,
    1,
    '2025-09-23 13:06:35',
    '2025-09-23 13:06:35'
  ),
  (
    110,
    10,
    '2025-11-01',
    45000.0,
    45000.0,
    0.0,
    1,
    '2025-09-23 13:06:35',
    '2025-09-23 13:06:35'
  ),
  (
    111,
    10,
    '2025-12-01',
    45000.0,
    45000.0,
    0.0,
    1,
    '2025-09-23 13:06:35',
    '2025-09-23 13:06:35'
  ),
  (
    112,
    10,
    '2026-01-01',
    45000.0,
    45000.0,
    0.0,
    1,
    '2025-09-23 13:06:35',
    '2025-09-23 13:06:35'
  ),
  (
    113,
    10,
    '2026-02-01',
    45000.0,
    45000.0,
    0.0,
    1,
    '2025-09-23 13:06:35',
    '2025-09-23 13:06:35'
  ),
  (
    114,
    10,
    '2026-03-01',
    45000.0,
    45000.0,
    0.0,
    1,
    '2025-09-23 13:06:35',
    '2025-09-23 13:06:35'
  ),
  (
    115,
    10,
    '2026-04-01',
    45000.0,
    45000.0,
    0.0,
    1,
    '2025-09-23 13:06:35',
    '2025-09-23 13:06:35'
  ),
  (
    116,
    10,
    '2026-05-01',
    45000.0,
    45000.0,
    0.0,
    1,
    '2025-09-23 13:06:35',
    '2025-09-23 13:06:35'
  ),
  (
    117,
    10,
    '2026-06-01',
    45000.0,
    45000.0,
    0.0,
    1,
    '2025-09-23 13:06:35',
    '2025-09-23 13:06:35'
  ),
  (
    118,
    10,
    '2026-07-01',
    45000.0,
    45000.0,
    0.0,
    1,
    '2025-09-23 13:06:35',
    '2025-09-23 13:06:35'
  ),
  (
    119,
    10,
    '2026-08-01',
    45000.0,
    45000.0,
    0.0,
    1,
    '2025-09-23 13:06:35',
    '2025-09-23 13:06:35'
  ),
  (
    120,
    10,
    '2026-09-01',
    45000.0,
    45000.0,
    22500.0,
    1,
    '2025-09-23 13:06:35',
    '2025-09-23 13:06:35'
  ),
  (
    121,
    11,
    '2025-10-01',
    45000.0,
    45000.0,
    0.0,
    1,
    '2025-09-23 13:06:35',
    '2025-09-23 13:06:35'
  ),
  (
    122,
    11,
    '2025-11-01',
    45000.0,
    45000.0,
    0.0,
    1,
    '2025-09-23 13:06:35',
    '2025-09-23 13:06:35'
  ),
  (
    123,
    11,
    '2025-12-01',
    45000.0,
    45000.0,
    0.0,
    1,
    '2025-09-23 13:06:35',
    '2025-09-23 13:06:35'
  ),
  (
    124,
    11,
    '2026-01-01',
    45000.0,
    45000.0,
    0.0,
    1,
    '2025-09-23 13:06:35',
    '2025-09-23 13:06:35'
  ),
  (
    125,
    11,
    '2026-02-01',
    45000.0,
    45000.0,
    0.0,
    1,
    '2025-09-23 13:06:35',
    '2025-09-23 13:06:35'
  ),
  (
    126,
    11,
    '2026-03-01',
    45000.0,
    45000.0,
    0.0,
    1,
    '2025-09-23 13:06:35',
    '2025-09-23 13:06:35'
  ),
  (
    127,
    11,
    '2026-04-01',
    45000.0,
    45000.0,
    0.0,
    1,
    '2025-09-23 13:06:35',
    '2025-09-23 13:06:35'
  ),
  (
    128,
    11,
    '2026-05-01',
    45000.0,
    45000.0,
    0.0,
    1,
    '2025-09-23 13:06:35',
    '2025-09-23 13:06:35'
  ),
  (
    129,
    11,
    '2026-06-01',
    45000.0,
    45000.0,
    0.0,
    1,
    '2025-09-23 13:06:35',
    '2025-09-23 13:06:35'
  ),
  (
    130,
    11,
    '2026-07-01',
    45000.0,
    45000.0,
    0.0,
    1,
    '2025-09-23 13:06:35',
    '2025-09-23 13:06:35'
  ),
  (
    131,
    11,
    '2026-08-01',
    45000.0,
    45000.0,
    0.0,
    1,
    '2025-09-23 13:06:35',
    '2025-09-23 13:06:35'
  ),
  (
    132,
    11,
    '2026-09-01',
    45000.0,
    45000.0,
    22500.0,
    1,
    '2025-09-23 13:06:35',
    '2025-09-23 13:06:35'
  ),
  (
    133,
    12,
    '2025-10-01',
    15000.0,
    15000.0,
    0.0,
    1,
    '2025-09-23 13:06:35',
    '2025-09-23 13:06:35'
  ),
  (
    134,
    12,
    '2025-11-01',
    15000.0,
    15000.0,
    0.0,
    1,
    '2025-09-23 13:06:35',
    '2025-09-23 13:06:35'
  ),
  (
    135,
    12,
    '2025-12-01',
    15000.0,
    15000.0,
    0.0,
    1,
    '2025-09-23 13:06:35',
    '2025-09-23 13:06:35'
  ),
  (
    136,
    12,
    '2026-01-01',
    15000.0,
    15000.0,
    0.0,
    1,
    '2025-09-23 13:06:35',
    '2025-09-23 13:06:35'
  ),
  (
    137,
    12,
    '2026-02-01',
    15000.0,
    15000.0,
    0.0,
    1,
    '2025-09-23 13:06:35',
    '2025-09-23 13:06:35'
  ),
  (
    138,
    12,
    '2026-03-01',
    15000.0,
    15000.0,
    0.0,
    1,
    '2025-09-23 13:06:35',
    '2025-09-23 13:06:35'
  ),
  (
    139,
    12,
    '2026-04-01',
    15000.0,
    15000.0,
    0.0,
    1,
    '2025-09-23 13:06:35',
    '2025-09-23 13:06:35'
  ),
  (
    140,
    12,
    '2026-05-01',
    15000.0,
    15000.0,
    0.0,
    1,
    '2025-09-23 13:06:35',
    '2025-09-23 13:06:35'
  ),
  (
    141,
    12,
    '2026-06-01',
    15000.0,
    15000.0,
    0.0,
    1,
    '2025-09-23 13:06:35',
    '2025-09-23 13:06:35'
  ),
  (
    142,
    12,
    '2026-07-01',
    15000.0,
    15000.0,
    0.0,
    1,
    '2025-09-23 13:06:35',
    '2025-09-23 13:06:35'
  ),
  (
    143,
    12,
    '2026-08-01',
    15000.0,
    15000.0,
    0.0,
    1,
    '2025-09-23 13:06:35',
    '2025-09-23 13:06:35'
  ),
  (
    144,
    12,
    '2026-09-01',
    15000.0,
    15000.0,
    7500.0,
    1,
    '2025-09-23 13:06:35',
    '2025-09-23 13:06:35'
  ),
  (
    145,
    13,
    '2025-10-01',
    5000.0,
    5000.0,
    0.0,
    1,
    '2025-09-23 13:06:35',
    '2025-09-23 13:06:35'
  ),
  (
    146,
    13,
    '2025-11-01',
    5000.0,
    5000.0,
    0.0,
    1,
    '2025-09-23 13:06:35',
    '2025-09-23 13:06:35'
  ),
  (
    147,
    13,
    '2025-12-01',
    5000.0,
    5000.0,
    0.0,
    1,
    '2025-09-23 13:06:35',
    '2025-09-23 13:06:35'
  ),
  (
    148,
    13,
    '2026-01-01',
    5000.0,
    5000.0,
    0.0,
    1,
    '2025-09-23 13:06:35',
    '2025-09-23 13:06:35'
  ),
  (
    149,
    13,
    '2026-02-01',
    5000.0,
    5000.0,
    0.0,
    1,
    '2025-09-23 13:06:35',
    '2025-09-23 13:06:35'
  ),
  (
    150,
    13,
    '2026-03-01',
    5000.0,
    5000.0,
    0.0,
    1,
    '2025-09-23 13:06:35',
    '2025-09-23 13:06:35'
  ),
  (
    151,
    13,
    '2026-04-01',
    5000.0,
    5000.0,
    0.0,
    1,
    '2025-09-23 13:06:35',
    '2025-09-23 13:06:35'
  ),
  (
    152,
    13,
    '2026-05-01',
    5000.0,
    5000.0,
    0.0,
    1,
    '2025-09-23 13:06:35',
    '2025-09-23 13:06:35'
  ),
  (
    153,
    13,
    '2026-06-01',
    5000.0,
    5000.0,
    0.0,
    1,
    '2025-09-23 13:06:35',
    '2025-09-23 13:06:35'
  ),
  (
    154,
    13,
    '2026-07-01',
    5000.0,
    5000.0,
    0.0,
    1,
    '2025-09-23 13:06:35',
    '2025-09-23 13:06:35'
  ),
  (
    155,
    13,
    '2026-08-01',
    5000.0,
    5000.0,
    0.0,
    1,
    '2025-09-23 13:06:35',
    '2025-09-23 13:06:35'
  ),
  (
    156,
    13,
    '2026-09-01',
    5000.0,
    5000.0,
    2500.0,
    1,
    '2025-09-23 13:06:35',
    '2025-09-23 13:06:35'
  ),
  (
    157,
    14,
    '2025-10-01',
    5000.0,
    5000.0,
    0.0,
    1,
    '2025-09-23 13:06:35',
    '2025-09-23 13:06:35'
  ),
  (
    158,
    14,
    '2025-11-01',
    5000.0,
    5000.0,
    0.0,
    1,
    '2025-09-23 13:06:35',
    '2025-09-23 13:06:35'
  ),
  (
    159,
    14,
    '2025-12-01',
    5000.0,
    5000.0,
    0.0,
    1,
    '2025-09-23 13:06:35',
    '2025-09-23 13:06:35'
  ),
  (
    160,
    14,
    '2026-01-01',
    5000.0,
    5000.0,
    0.0,
    1,
    '2025-09-23 13:06:35',
    '2025-09-23 13:06:35'
  ),
  (
    161,
    14,
    '2026-02-01',
    5000.0,
    5000.0,
    0.0,
    1,
    '2025-09-23 13:06:35',
    '2025-09-23 13:06:35'
  ),
  (
    162,
    14,
    '2026-03-01',
    5000.0,
    5000.0,
    0.0,
    1,
    '2025-09-23 13:06:35',
    '2025-09-23 13:06:35'
  ),
  (
    163,
    14,
    '2026-04-01',
    5000.0,
    5000.0,
    0.0,
    1,
    '2025-09-23 13:06:35',
    '2025-09-23 13:06:35'
  ),
  (
    164,
    14,
    '2026-05-01',
    5000.0,
    5000.0,
    0.0,
    1,
    '2025-09-23 13:06:35',
    '2025-09-23 13:06:35'
  ),
  (
    165,
    14,
    '2026-06-01',
    5000.0,
    5000.0,
    0.0,
    1,
    '2025-09-23 13:06:35',
    '2025-09-23 13:06:35'
  ),
  (
    166,
    14,
    '2026-07-01',
    5000.0,
    5000.0,
    0.0,
    1,
    '2025-09-23 13:06:35',
    '2025-09-23 13:06:35'
  ),
  (
    167,
    14,
    '2026-08-01',
    5000.0,
    5000.0,
    0.0,
    1,
    '2025-09-23 13:06:35',
    '2025-09-23 13:06:35'
  ),
  (
    168,
    14,
    '2026-09-01',
    5000.0,
    5000.0,
    2500.0,
    1,
    '2025-09-23 13:06:35',
    '2025-09-23 13:06:35'
  ),
  (
    169,
    15,
    '2025-10-01',
    15000.0,
    15000.0,
    0.0,
    1,
    '2025-09-23 13:06:35',
    '2025-09-23 13:06:35'
  ),
  (
    170,
    15,
    '2025-11-01',
    15000.0,
    15000.0,
    0.0,
    1,
    '2025-09-23 13:06:35',
    '2025-09-23 13:06:35'
  ),
  (
    171,
    15,
    '2025-12-01',
    15000.0,
    15000.0,
    0.0,
    1,
    '2025-09-23 13:06:35',
    '2025-09-23 13:06:35'
  ),
  (
    172,
    15,
    '2026-01-01',
    15000.0,
    15000.0,
    0.0,
    1,
    '2025-09-23 13:06:35',
    '2025-09-23 13:06:35'
  ),
  (
    173,
    15,
    '2026-02-01',
    15000.0,
    15000.0,
    0.0,
    1,
    '2025-09-23 13:06:35',
    '2025-09-23 13:06:35'
  ),
  (
    174,
    15,
    '2026-03-01',
    15000.0,
    15000.0,
    0.0,
    1,
    '2025-09-23 13:06:35',
    '2025-09-23 13:06:35'
  ),
  (
    175,
    15,
    '2026-04-01',
    15000.0,
    15000.0,
    0.0,
    1,
    '2025-09-23 13:06:35',
    '2025-09-23 13:06:35'
  ),
  (
    176,
    15,
    '2026-05-01',
    15000.0,
    15000.0,
    0.0,
    1,
    '2025-09-23 13:06:35',
    '2025-09-23 13:06:35'
  ),
  (
    177,
    15,
    '2026-06-01',
    15000.0,
    15000.0,
    0.0,
    1,
    '2025-09-23 13:06:35',
    '2025-09-23 13:06:35'
  ),
  (
    178,
    15,
    '2026-07-01',
    15000.0,
    15000.0,
    0.0,
    1,
    '2025-09-23 13:06:35',
    '2025-09-23 13:06:35'
  ),
  (
    179,
    15,
    '2026-08-01',
    15000.0,
    15000.0,
    0.0,
    1,
    '2025-09-23 13:06:35',
    '2025-09-23 13:06:35'
  ),
  (
    180,
    15,
    '2026-09-01',
    15000.0,
    15000.0,
    7500.0,
    1,
    '2025-09-23 13:06:35',
    '2025-09-23 13:06:35'
  ),
  (
    181,
    16,
    '2025-10-01',
    25000.0,
    25000.0,
    0.0,
    1,
    '2025-09-23 13:06:35',
    '2025-09-23 13:06:35'
  ),
  (
    182,
    16,
    '2025-11-01',
    25000.0,
    25000.0,
    0.0,
    1,
    '2025-09-23 13:06:35',
    '2025-09-23 13:06:35'
  ),
  (
    183,
    16,
    '2025-12-01',
    25000.0,
    25000.0,
    0.0,
    1,
    '2025-09-23 13:06:35',
    '2025-09-23 13:06:35'
  ),
  (
    184,
    16,
    '2026-01-01',
    25000.0,
    25000.0,
    0.0,
    1,
    '2025-09-23 13:06:35',
    '2025-09-23 13:06:35'
  ),
  (
    185,
    16,
    '2026-02-01',
    25000.0,
    25000.0,
    0.0,
    1,
    '2025-09-23 13:06:35',
    '2025-09-23 13:06:35'
  ),
  (
    186,
    16,
    '2026-03-01',
    25000.0,
    25000.0,
    0.0,
    1,
    '2025-09-23 13:06:35',
    '2025-09-23 13:06:35'
  ),
  (
    187,
    16,
    '2026-04-01',
    25000.0,
    25000.0,
    0.0,
    1,
    '2025-09-23 13:06:35',
    '2025-09-23 13:06:35'
  ),
  (
    188,
    16,
    '2026-05-01',
    25000.0,
    25000.0,
    0.0,
    1,
    '2025-09-23 13:06:35',
    '2025-09-23 13:06:35'
  ),
  (
    189,
    16,
    '2026-06-01',
    25000.0,
    25000.0,
    0.0,
    1,
    '2025-09-23 13:06:35',
    '2025-09-23 13:06:35'
  ),
  (
    190,
    16,
    '2026-07-01',
    25000.0,
    25000.0,
    0.0,
    1,
    '2025-09-23 13:06:35',
    '2025-09-23 13:06:35'
  ),
  (
    191,
    16,
    '2026-08-01',
    25000.0,
    25000.0,
    0.0,
    1,
    '2025-09-23 13:06:35',
    '2025-09-23 13:06:35'
  ),
  (
    192,
    16,
    '2026-09-01',
    25000.0,
    25000.0,
    12500.0,
    1,
    '2025-09-23 13:06:35',
    '2025-09-23 13:06:35'
  ),
  (
    193,
    17,
    '2025-10-01',
    5000.0,
    5000.0,
    0.0,
    1,
    '2025-09-23 13:06:35',
    '2025-09-23 13:06:35'
  ),
  (
    194,
    17,
    '2025-11-01',
    5000.0,
    5000.0,
    0.0,
    1,
    '2025-09-23 13:06:35',
    '2025-09-23 13:06:35'
  ),
  (
    195,
    17,
    '2025-12-01',
    5000.0,
    5000.0,
    0.0,
    1,
    '2025-09-23 13:06:35',
    '2025-09-23 13:06:35'
  ),
  (
    196,
    17,
    '2026-01-01',
    5000.0,
    5000.0,
    0.0,
    1,
    '2025-09-23 13:06:35',
    '2025-09-23 13:06:35'
  ),
  (
    197,
    17,
    '2026-02-01',
    5000.0,
    5000.0,
    0.0,
    1,
    '2025-09-23 13:06:35',
    '2025-09-23 13:06:35'
  ),
  (
    198,
    17,
    '2026-03-01',
    5000.0,
    5000.0,
    0.0,
    1,
    '2025-09-23 13:06:35',
    '2025-09-23 13:06:35'
  ),
  (
    199,
    17,
    '2026-04-01',
    5000.0,
    5000.0,
    0.0,
    1,
    '2025-09-23 13:06:35',
    '2025-09-23 13:06:35'
  ),
  (
    200,
    17,
    '2026-05-01',
    5000.0,
    5000.0,
    0.0,
    1,
    '2025-09-23 13:06:35',
    '2025-09-23 13:06:35'
  ),
  (
    201,
    17,
    '2026-06-01',
    5000.0,
    5000.0,
    0.0,
    1,
    '2025-09-23 13:06:35',
    '2025-09-23 13:06:35'
  ),
  (
    202,
    17,
    '2026-07-01',
    5000.0,
    5000.0,
    0.0,
    1,
    '2025-09-23 13:06:35',
    '2025-09-23 13:06:35'
  ),
  (
    203,
    17,
    '2026-08-01',
    5000.0,
    5000.0,
    0.0,
    1,
    '2025-09-23 13:06:35',
    '2025-09-23 13:06:35'
  ),
  (
    204,
    17,
    '2026-09-01',
    5000.0,
    5000.0,
    2500.0,
    1,
    '2025-09-23 13:06:35',
    '2025-09-23 13:06:35'
  ),
  (
    205,
    18,
    '2025-10-01',
    5000.0,
    5000.0,
    0.0,
    1,
    '2025-09-23 13:06:35',
    '2025-09-23 13:06:35'
  ),
  (
    206,
    18,
    '2025-11-01',
    5000.0,
    5000.0,
    0.0,
    1,
    '2025-09-23 13:06:35',
    '2025-09-23 13:06:35'
  ),
  (
    207,
    18,
    '2025-12-01',
    5000.0,
    5000.0,
    0.0,
    1,
    '2025-09-23 13:06:35',
    '2025-09-23 13:06:35'
  ),
  (
    208,
    18,
    '2026-01-01',
    5000.0,
    5000.0,
    0.0,
    1,
    '2025-09-23 13:06:35',
    '2025-09-23 13:06:35'
  ),
  (
    209,
    18,
    '2026-02-01',
    5000.0,
    5000.0,
    0.0,
    1,
    '2025-09-23 13:06:35',
    '2025-09-23 13:06:35'
  ),
  (
    210,
    18,
    '2026-03-01',
    5000.0,
    5000.0,
    0.0,
    1,
    '2025-09-23 13:06:35',
    '2025-09-23 13:06:35'
  ),
  (
    211,
    18,
    '2026-04-01',
    5000.0,
    5000.0,
    0.0,
    1,
    '2025-09-23 13:06:35',
    '2025-09-23 13:06:35'
  ),
  (
    212,
    18,
    '2026-05-01',
    5000.0,
    5000.0,
    0.0,
    1,
    '2025-09-23 13:06:35',
    '2025-09-23 13:06:35'
  ),
  (
    213,
    18,
    '2026-06-01',
    5000.0,
    5000.0,
    0.0,
    1,
    '2025-09-23 13:06:35',
    '2025-09-23 13:06:35'
  ),
  (
    214,
    18,
    '2026-07-01',
    5000.0,
    5000.0,
    0.0,
    1,
    '2025-09-23 13:06:35',
    '2025-09-23 13:06:35'
  ),
  (
    215,
    18,
    '2026-08-01',
    5000.0,
    5000.0,
    0.0,
    1,
    '2025-09-23 13:06:35',
    '2025-09-23 13:06:35'
  ),
  (
    216,
    18,
    '2026-09-01',
    5000.0,
    5000.0,
    2500.0,
    1,
    '2025-09-23 13:06:35',
    '2025-09-23 13:06:35'
  ),
  (
    217,
    19,
    '2025-10-01',
    45000.0,
    45000.0,
    0.0,
    1,
    '2025-09-23 13:06:35',
    '2025-09-23 13:06:35'
  ),
  (
    218,
    19,
    '2025-11-01',
    45000.0,
    45000.0,
    0.0,
    1,
    '2025-09-23 13:06:35',
    '2025-09-23 13:06:35'
  ),
  (
    219,
    19,
    '2025-12-01',
    45000.0,
    45000.0,
    0.0,
    1,
    '2025-09-23 13:06:35',
    '2025-09-23 13:06:35'
  ),
  (
    220,
    19,
    '2026-01-01',
    45000.0,
    45000.0,
    0.0,
    1,
    '2025-09-23 13:06:35',
    '2025-09-23 13:06:35'
  ),
  (
    221,
    19,
    '2026-02-01',
    45000.0,
    45000.0,
    0.0,
    1,
    '2025-09-23 13:06:35',
    '2025-09-23 13:06:35'
  ),
  (
    222,
    19,
    '2026-03-01',
    45000.0,
    45000.0,
    0.0,
    1,
    '2025-09-23 13:06:35',
    '2025-09-23 13:06:35'
  ),
  (
    223,
    19,
    '2026-04-01',
    45000.0,
    45000.0,
    0.0,
    1,
    '2025-09-23 13:06:35',
    '2025-09-23 13:06:35'
  ),
  (
    224,
    19,
    '2026-05-01',
    45000.0,
    45000.0,
    0.0,
    1,
    '2025-09-23 13:06:35',
    '2025-09-23 13:06:35'
  ),
  (
    225,
    19,
    '2026-06-01',
    45000.0,
    45000.0,
    0.0,
    1,
    '2025-09-23 13:06:35',
    '2025-09-23 13:06:35'
  ),
  (
    226,
    19,
    '2026-07-01',
    45000.0,
    45000.0,
    0.0,
    1,
    '2025-09-23 13:06:35',
    '2025-09-23 13:06:35'
  ),
  (
    227,
    19,
    '2026-08-01',
    45000.0,
    45000.0,
    0.0,
    1,
    '2025-09-23 13:06:35',
    '2025-09-23 13:06:35'
  ),
  (
    228,
    19,
    '2026-09-01',
    45000.0,
    45000.0,
    22500.0,
    1,
    '2025-09-23 13:06:35',
    '2025-09-23 13:06:35'
  ),
  (
    229,
    20,
    '2025-10-01',
    35000.0,
    35000.0,
    0.0,
    1,
    '2025-09-23 13:06:35',
    '2025-09-23 13:06:35'
  ),
  (
    230,
    20,
    '2025-11-01',
    35000.0,
    35000.0,
    0.0,
    1,
    '2025-09-23 13:06:35',
    '2025-09-23 13:06:35'
  ),
  (
    231,
    20,
    '2025-12-01',
    35000.0,
    35000.0,
    0.0,
    1,
    '2025-09-23 13:06:35',
    '2025-09-23 13:06:35'
  ),
  (
    232,
    20,
    '2026-01-01',
    35000.0,
    35000.0,
    0.0,
    1,
    '2025-09-23 13:06:35',
    '2025-09-23 13:06:35'
  ),
  (
    233,
    20,
    '2026-02-01',
    35000.0,
    35000.0,
    0.0,
    1,
    '2025-09-23 13:06:35',
    '2025-09-23 13:06:35'
  ),
  (
    234,
    20,
    '2026-03-01',
    35000.0,
    35000.0,
    0.0,
    1,
    '2025-09-23 13:06:35',
    '2025-09-23 13:06:35'
  ),
  (
    235,
    20,
    '2026-04-01',
    35000.0,
    35000.0,
    0.0,
    1,
    '2025-09-23 13:06:35',
    '2025-09-23 13:06:35'
  ),
  (
    236,
    20,
    '2026-05-01',
    35000.0,
    35000.0,
    0.0,
    1,
    '2025-09-23 13:06:35',
    '2025-09-23 13:06:35'
  ),
  (
    237,
    20,
    '2026-06-01',
    35000.0,
    35000.0,
    0.0,
    1,
    '2025-09-23 13:06:35',
    '2025-09-23 13:06:35'
  ),
  (
    238,
    20,
    '2026-07-01',
    35000.0,
    35000.0,
    0.0,
    1,
    '2025-09-23 13:06:35',
    '2025-09-23 13:06:35'
  ),
  (
    239,
    20,
    '2026-08-01',
    35000.0,
    35000.0,
    0.0,
    1,
    '2025-09-23 13:06:35',
    '2025-09-23 13:06:35'
  ),
  (
    240,
    20,
    '2026-09-01',
    35000.0,
    35000.0,
    17500.0,
    1,
    '2025-09-23 13:06:35',
    '2025-09-23 13:06:35'
  );

COMMIT;