BEGIN TRANSACTION;

INSERT INTO
  "member" (
    "id",
    "memberIdNumber",
    "firstName",
    "lastName",
    "otherName",
    "gender",
    "phoneNumber",
    "title",
    "maritalStatus",
    "dateOfBirth",
    "nationalIdentifier",
    "utilityBillType",
    "utilityBillNumber",
    "dateJoined",
    "active",
    "createdAt",
    "updatedAt"
  )
VALUES
  (
    501,
    'KSM032598',
    'FirstName501',
    'LastName501',
    NULL,
    'Male',
    '099987501',
    'Mr',
    'Married',
    '1981-01-14',
    'NATID501',
    'ESCOM',
    '123456501',
    '2025-09-24 12:44:43',
    1,
    '2025-09-24 12:44:43',
    '2025-09-24 12:44:43'
  ),
  (
    502,
    'KSM307524',
    'FirstName502',
    'LastName502',
    NULL,
    'Female',
    '099987502',
    'Mrs',
    'Married',
    '1981-01-15',
    'NATID502',
    'ESCOM',
    '123456502',
    '2025-09-24 12:44:43',
    1,
    '2025-09-24 12:44:43',
    '2025-09-24 12:44:43'
  ),
  (
    503,
    'KSM389179',
    'FirstName503',
    'LastName503',
    NULL,
    'Male',
    '099987503',
    'Mr',
    'Married',
    '1981-01-16',
    'NATID503',
    'ESCOM',
    '123456503',
    '2025-09-24 12:44:43',
    1,
    '2025-09-24 12:44:43',
    '2025-09-24 12:44:43'
  ),
  (
    504,
    'KSM117430',
    'FirstName504',
    'LastName504',
    NULL,
    'Female',
    '099987504',
    'Mrs',
    'Married',
    '1981-01-17',
    'NATID504',
    'ESCOM',
    '123456504',
    '2025-09-24 12:44:43',
    1,
    '2025-09-24 12:44:43',
    '2025-09-24 12:44:43'
  ),
  (
    505,
    'KSM537376',
    'FirstName505',
    'LastName505',
    NULL,
    'Male',
    '099987505',
    'Mr',
    'Married',
    '1981-01-18',
    'NATID505',
    'ESCOM',
    '123456505',
    '2025-09-24 12:44:43',
    1,
    '2025-09-24 12:44:43',
    '2025-09-24 12:44:43'
  ),
  (
    506,
    'KSM418846',
    'FirstName506',
    'LastName506',
    NULL,
    'Female',
    '099987506',
    'Mrs',
    'Married',
    '1981-01-19',
    'NATID506',
    'ESCOM',
    '123456506',
    '2025-09-24 12:44:43',
    1,
    '2025-09-24 12:44:43',
    '2025-09-24 12:44:43'
  ),
  (
    507,
    'KSM180078',
    'FirstName507',
    'LastName507',
    NULL,
    'Male',
    '099987507',
    'Mr',
    'Married',
    '1981-01-20',
    'NATID507',
    'ESCOM',
    '123456507',
    '2025-09-24 12:44:43',
    1,
    '2025-09-24 12:44:43',
    '2025-09-24 12:44:43'
  ),
  (
    508,
    'KSM794569',
    'FirstName508',
    'LastName508',
    NULL,
    'Female',
    '099987508',
    'Mrs',
    'Married',
    '1981-01-21',
    'NATID508',
    'ESCOM',
    '123456508',
    '2025-09-24 12:44:43',
    1,
    '2025-09-24 12:44:43',
    '2025-09-24 12:44:43'
  ),
  (
    509,
    'KSM779289',
    'FirstName509',
    'LastName509',
    NULL,
    'Male',
    '099987509',
    'Mr',
    'Married',
    '1981-01-22',
    'NATID509',
    'ESCOM',
    '123456509',
    '2025-09-24 12:44:43',
    1,
    '2025-09-24 12:44:43',
    '2025-09-24 12:44:43'
  ),
  (
    510,
    'KSM023682',
    'FirstName510',
    'LastName510',
    NULL,
    'Female',
    '099987510',
    'Mrs',
    'Married',
    '1981-01-23',
    'NATID510',
    'ESCOM',
    '123456510',
    '2025-09-24 12:44:43',
    1,
    '2025-09-24 12:44:43',
    '2025-09-24 12:44:43'
  );

INSERT INTO
  "memberSaving" (
    "id",
    "memberId",
    "memberSavingIdNumber",
    "savingsTypeId",
    "savingsTypeName",
    "withdrawPattern",
    "balance",
    "minimumAmount",
    "active",
    "createdAt",
    "updatedAt"
  )
VALUES
  (
    1,
    501,
    'KSS893004',
    3,
    '30 day Call Deposit',
    '30 days',
    0.0,
    25000.0,
    1,
    '2025-09-24 12:44:43',
    '2025-09-24 12:44:43'
  ),
  (
    2,
    502,
    'KSS759358',
    1,
    'Fixed Deposit',
    '3 to 12 months',
    50000.0,
    50000.0,
    1,
    '2025-09-24 12:44:43',
    '2025-09-24 12:44:43'
  ),
  (
    3,
    503,
    'KSS947127',
    2,
    'Ordinary Deposit',
    'Anytime',
    8000.0,
    2000.0,
    1,
    '2025-09-24 12:44:43',
    '2025-09-24 12:44:43'
  ),
  (
    4,
    504,
    'KSS977905',
    1,
    'Fixed Deposit',
    '3 to 12 months',
    50000.0,
    50000.0,
    1,
    '2025-09-24 12:44:43',
    '2025-09-24 12:44:43'
  ),
  (
    5,
    505,
    'KSS894199',
    2,
    'Ordinary Deposit',
    'Anytime',
    8000.0,
    2000.0,
    1,
    '2025-09-24 12:44:43',
    '2025-09-24 12:44:43'
  ),
  (
    6,
    506,
    'KSS215512',
    1,
    'Fixed Deposit',
    '3 to 12 months',
    50000.0,
    50000.0,
    1,
    '2025-09-24 12:44:43',
    '2025-09-24 12:44:43'
  ),
  (
    7,
    507,
    'KSS857449',
    3,
    '30 day Call Deposit',
    '30 days',
    0.0,
    25000.0,
    1,
    '2025-09-24 12:44:43',
    '2025-09-24 12:44:43'
  ),
  (
    8,
    508,
    'KSS252825',
    1,
    'Fixed Deposit',
    '3 to 12 months',
    50000.0,
    50000.0,
    1,
    '2025-09-24 12:44:43',
    '2025-09-24 12:44:43'
  ),
  (
    9,
    509,
    'KSS086521',
    2,
    'Ordinary Deposit',
    'Anytime',
    8000.0,
    2000.0,
    1,
    '2025-09-24 12:44:43',
    '2025-09-24 12:44:43'
  ),
  (
    10,
    510,
    'KSS598022',
    1,
    'Fixed Deposit',
    '3 to 12 months',
    50000.0,
    50000.0,
    1,
    '2025-09-24 12:44:43',
    '2025-09-24 12:44:43'
  );

INSERT INTO
  "memberSavingDeposit" (
    "id",
    "memberSavingId",
    "description",
    "date",
    "amount",
    "balance",
    "active",
    "createdAt",
    "updatedAt"
  )
VALUES
  (
    1,
    1,
    '30 day Call Deposit',
    '2025-09-01',
    100000.0,
    100000.0,
    1,
    '2025-09-24 12:44:43',
    '2025-09-24 12:44:43'
  ),
  (
    2,
    2,
    'Fixed Deposit',
    '2025-09-01',
    150000.0,
    150000.0,
    1,
    '2025-09-24 12:44:43',
    '2025-09-24 12:44:43'
  ),
  (
    3,
    3,
    'Ordinary Deposit',
    '2025-09-01',
    50000.0,
    50000.0,
    1,
    '2025-09-24 12:44:43',
    '2025-09-24 12:44:43'
  ),
  (
    4,
    4,
    'Fixed Deposit',
    '2025-09-01',
    150000.0,
    150000.0,
    1,
    '2025-09-24 12:44:43',
    '2025-09-24 12:44:43'
  ),
  (
    5,
    5,
    'Ordinary Deposit',
    '2025-09-01',
    50000.0,
    50000.0,
    1,
    '2025-09-24 12:44:43',
    '2025-09-24 12:44:43'
  ),
  (
    6,
    6,
    'Fixed Deposit',
    '2025-09-01',
    150000.0,
    150000.0,
    1,
    '2025-09-24 12:44:43',
    '2025-09-24 12:44:43'
  ),
  (
    7,
    7,
    '30 day Call Deposit',
    '2025-09-01',
    100000.0,
    100000.0,
    1,
    '2025-09-24 12:44:43',
    '2025-09-24 12:44:43'
  ),
  (
    8,
    8,
    'Fixed Deposit',
    '2025-09-01',
    150000.0,
    150000.0,
    1,
    '2025-09-24 12:44:43',
    '2025-09-24 12:44:43'
  ),
  (
    9,
    9,
    'Ordinary Deposit',
    '2025-09-01',
    50000.0,
    50000.0,
    1,
    '2025-09-24 12:44:43',
    '2025-09-24 12:44:43'
  ),
  (
    10,
    10,
    'Fixed Deposit',
    '2025-09-01',
    150000.0,
    150000.0,
    1,
    '2025-09-24 12:44:43',
    '2025-09-24 12:44:43'
  );

INSERT INTO
  "memberSavingWithdrawal" (
    "id",
    "memberSavingId",
    "description",
    "date",
    "amount",
    "balance",
    "active",
    "createdAt",
    "updatedAt"
  )
VALUES
  (
    1,
    1,
    '30 day Call Deposit withdrawal',
    '2025-10-01',
    100000.0,
    0.0,
    1,
    '2025-09-24 12:44:43',
    '2025-09-24 12:44:43'
  ),
  (
    2,
    2,
    'Fixed Deposit withdrawal',
    '2025-12-01',
    100000.0,
    50000.0,
    1,
    '2025-09-24 12:44:43',
    '2025-09-24 12:44:43'
  ),
  (
    3,
    3,
    'Ordinary Deposit withdrawal',
    '2025-10-01',
    2000.0,
    48000.0,
    1,
    '2025-09-24 12:44:43',
    '2025-09-24 12:44:43'
  ),
  (
    4,
    4,
    'Fixed Deposit withdrawal',
    '2025-12-01',
    100000.0,
    50000.0,
    1,
    '2025-09-24 12:44:43',
    '2025-09-24 12:44:43'
  ),
  (
    5,
    5,
    'Ordinary Deposit withdrawal',
    '2025-10-01',
    2000.0,
    48000.0,
    1,
    '2025-09-24 12:44:43',
    '2025-09-24 12:44:43'
  ),
  (
    6,
    6,
    'Fixed Deposit withdrawal',
    '2025-12-01',
    100000.0,
    50000.0,
    1,
    '2025-09-24 12:44:43',
    '2025-09-24 12:44:43'
  ),
  (
    7,
    7,
    '30 day Call Deposit withdrawal',
    '2025-10-01',
    100000.0,
    0.0,
    1,
    '2025-09-24 12:44:43',
    '2025-09-24 12:44:43'
  ),
  (
    8,
    8,
    'Fixed Deposit withdrawal',
    '2025-12-01',
    100000.0,
    50000.0,
    1,
    '2025-09-24 12:44:43',
    '2025-09-24 12:44:43'
  ),
  (
    9,
    9,
    'Ordinary Deposit withdrawal',
    '2025-10-01',
    2000.0,
    48000.0,
    1,
    '2025-09-24 12:44:43',
    '2025-09-24 12:44:43'
  ),
  (
    10,
    10,
    'Fixed Deposit withdrawal',
    '2025-12-01',
    100000.0,
    50000.0,
    1,
    '2025-09-24 12:44:43',
    '2025-09-24 12:44:43'
  ),
  (
    11,
    3,
    'Ordinary Deposit withdrawal',
    '2025-10-01',
    4000.0,
    44000.0,
    1,
    '2025-09-24 12:44:43',
    '2025-09-24 12:44:43'
  ),
  (
    12,
    3,
    'Ordinary Deposit withdrawal',
    '2025-11-01',
    4000.0,
    40000.0,
    1,
    '2025-09-24 12:44:43',
    '2025-09-24 12:44:43'
  ),
  (
    13,
    3,
    'Ordinary Deposit withdrawal',
    '2025-12-01',
    4000.0,
    36000.0,
    1,
    '2025-09-24 12:44:43',
    '2025-09-24 12:44:43'
  ),
  (
    14,
    3,
    'Ordinary Deposit withdrawal',
    '2026-01-01',
    4000.0,
    32000.0,
    1,
    '2025-09-24 12:44:43',
    '2025-09-24 12:44:43'
  ),
  (
    15,
    3,
    'Ordinary Deposit withdrawal',
    '2026-02-01',
    4000.0,
    28000.0,
    1,
    '2025-09-24 12:44:43',
    '2025-09-24 12:44:43'
  ),
  (
    16,
    3,
    'Ordinary Deposit withdrawal',
    '2026-03-01',
    4000.0,
    24000.0,
    1,
    '2025-09-24 12:44:43',
    '2025-09-24 12:44:43'
  ),
  (
    17,
    3,
    'Ordinary Deposit withdrawal',
    '2026-04-01',
    4000.0,
    20000.0,
    1,
    '2025-09-24 12:44:43',
    '2025-09-24 12:44:43'
  ),
  (
    18,
    3,
    'Ordinary Deposit withdrawal',
    '2026-05-01',
    4000.0,
    16000.0,
    1,
    '2025-09-24 12:44:43',
    '2025-09-24 12:44:43'
  ),
  (
    19,
    3,
    'Ordinary Deposit withdrawal',
    '2026-06-01',
    4000.0,
    12000.0,
    1,
    '2025-09-24 12:44:43',
    '2025-09-24 12:44:43'
  ),
  (
    20,
    3,
    'Ordinary Deposit withdrawal',
    '2026-07-01',
    4000.0,
    8000.0,
    1,
    '2025-09-24 12:44:43',
    '2025-09-24 12:44:43'
  ),
  (
    21,
    5,
    'Ordinary Deposit withdrawal',
    '2025-10-01',
    4000.0,
    44000.0,
    1,
    '2025-09-24 12:44:43',
    '2025-09-24 12:44:43'
  ),
  (
    22,
    5,
    'Ordinary Deposit withdrawal',
    '2025-11-01',
    4000.0,
    40000.0,
    1,
    '2025-09-24 12:44:43',
    '2025-09-24 12:44:43'
  ),
  (
    23,
    5,
    'Ordinary Deposit withdrawal',
    '2025-12-01',
    4000.0,
    36000.0,
    1,
    '2025-09-24 12:44:43',
    '2025-09-24 12:44:43'
  ),
  (
    24,
    5,
    'Ordinary Deposit withdrawal',
    '2026-01-01',
    4000.0,
    32000.0,
    1,
    '2025-09-24 12:44:43',
    '2025-09-24 12:44:43'
  ),
  (
    25,
    5,
    'Ordinary Deposit withdrawal',
    '2026-02-01',
    4000.0,
    28000.0,
    1,
    '2025-09-24 12:44:43',
    '2025-09-24 12:44:43'
  ),
  (
    26,
    5,
    'Ordinary Deposit withdrawal',
    '2026-03-01',
    4000.0,
    24000.0,
    1,
    '2025-09-24 12:44:43',
    '2025-09-24 12:44:43'
  ),
  (
    27,
    5,
    'Ordinary Deposit withdrawal',
    '2026-04-01',
    4000.0,
    20000.0,
    1,
    '2025-09-24 12:44:43',
    '2025-09-24 12:44:43'
  ),
  (
    28,
    5,
    'Ordinary Deposit withdrawal',
    '2026-05-01',
    4000.0,
    16000.0,
    1,
    '2025-09-24 12:44:43',
    '2025-09-24 12:44:43'
  ),
  (
    29,
    5,
    'Ordinary Deposit withdrawal',
    '2026-06-01',
    4000.0,
    12000.0,
    1,
    '2025-09-24 12:44:43',
    '2025-09-24 12:44:43'
  ),
  (
    30,
    5,
    'Ordinary Deposit withdrawal',
    '2026-07-01',
    4000.0,
    8000.0,
    1,
    '2025-09-24 12:44:43',
    '2025-09-24 12:44:43'
  ),
  (
    31,
    9,
    'Ordinary Deposit withdrawal',
    '2025-10-01',
    4000.0,
    44000.0,
    1,
    '2025-09-24 12:44:43',
    '2025-09-24 12:44:43'
  ),
  (
    32,
    9,
    'Ordinary Deposit withdrawal',
    '2025-11-01',
    4000.0,
    40000.0,
    1,
    '2025-09-24 12:44:43',
    '2025-09-24 12:44:43'
  ),
  (
    33,
    9,
    'Ordinary Deposit withdrawal',
    '2025-12-01',
    4000.0,
    36000.0,
    1,
    '2025-09-24 12:44:43',
    '2025-09-24 12:44:43'
  ),
  (
    34,
    9,
    'Ordinary Deposit withdrawal',
    '2026-01-01',
    4000.0,
    32000.0,
    1,
    '2025-09-24 12:44:43',
    '2025-09-24 12:44:43'
  ),
  (
    35,
    9,
    'Ordinary Deposit withdrawal',
    '2026-02-01',
    4000.0,
    28000.0,
    1,
    '2025-09-24 12:44:43',
    '2025-09-24 12:44:43'
  ),
  (
    36,
    9,
    'Ordinary Deposit withdrawal',
    '2026-03-01',
    4000.0,
    24000.0,
    1,
    '2025-09-24 12:44:43',
    '2025-09-24 12:44:43'
  ),
  (
    37,
    9,
    'Ordinary Deposit withdrawal',
    '2026-04-01',
    4000.0,
    20000.0,
    1,
    '2025-09-24 12:44:43',
    '2025-09-24 12:44:43'
  ),
  (
    38,
    9,
    'Ordinary Deposit withdrawal',
    '2026-05-01',
    4000.0,
    16000.0,
    1,
    '2025-09-24 12:44:43',
    '2025-09-24 12:44:43'
  ),
  (
    39,
    9,
    'Ordinary Deposit withdrawal',
    '2026-06-01',
    4000.0,
    12000.0,
    1,
    '2025-09-24 12:44:43',
    '2025-09-24 12:44:43'
  ),
  (
    40,
    9,
    'Ordinary Deposit withdrawal',
    '2026-07-01',
    4000.0,
    8000.0,
    1,
    '2025-09-24 12:44:43',
    '2025-09-24 12:44:43'
  );

COMMIT;